Acc	Description	Size	AA_seq	Unique_ID
JQ659257	Herbert virus strain F23/CI/2004 segment M, complete sequence.	33	MSSAHPVSSKLNTFCSHVDEVDSYFFSNKGQL	JQ659257.f0.UFO
NC_004108	La Crosse virus segment L, complete genome.	33	MSSVPLSTKLTENSVISQYMHNGLSRVSTILG	NC_004108.f0.UFO
NC_006311	Influenza C virus (C/Ann Arbor/1/50) segment 5, complete sequence.	32	MSRSRRFDFQKCLTDVKTERRQMSNAKPMLS	NC_006311.f0.UFO
NC_006495	Thogoto virus segment 2, complete sequence.	85	MSKNRRSKHNEPVHPTLRDQSHHHSGATIRLHRTGARCLWHKNQSSIREHNQTLPILLQRTQCPESSRHQDRMQGARRYKCGRS	NC_006495.f0.UFO
NC_006507	Thogoto virus segment 5, complete sequence.	38	MSKNRQSKWLQTRWTSRALLQRNSMWTQRVRSQRCTR	NC_006507.f0.UFO
NC_001926	Bunyamwera virus M segment, complete sequence.	36	MVVYYRYITNLSETHLYFQDENSNTAFSSHSTGCE	NC_001926.f1.UFO
NC_002017	Influenza A virus (A/Puerto Rico/8/1934(H1N1)) segment 4, complete sequence.	45	MAKAGENKNNQNEGKPTGPVMCTCSCRCRHNMYRLPCEQFNRHC	NC_002017.f1.UFO
NC_005218	Hantaan virus, complete genome.	31	MSSRLPKELLEQRWQLWRNYRGKSMPMRVN	NC_005218.f1.UFO
NC_006306	Influenza C virus (C/Ann Arbor/1/50) segment 7, complete sequence.	40	MAEAGVLFQNVRQNSQINKFNGICSHKNVRETRRFRHMH	NC_006306.f1.UFO
NC_006308	Influenza C virus (C/Ann Arbor/1/50) PB1 gene for polymerase 1, complete cds.	50	MAEAEDYGNQPIFDVSKQRRHIADINNIPLYRATSNVTWIINQIHFGNY	NC_006308.f1.UFO
NC_006507	Thogoto virus segment 5, complete sequence.	56	MAKTGSQNGYRPDGHLGPSSKETACGHRESDPKDVRDDQGPDAHFGIDTQNPPEH	NC_006507.f1.UFO
NC_006508	Thogoto virus segment 1, complete sequence.	125	MAKTSDGQRRTRGIRVHLKSSCRRVQWSMQGSTERDVEAIHRLQHIQKVYHKQEGSCTPDETSVFSEKTMANQHDSQQGDPSGVQRDQTKRYYPGPRRIQENQGKHSSTRLLVQVRKPDQPRSS	NC_006508.f1.UFO
NC_013108	European mountain ash ringspot-associated virus RNA 3, complete genome.	54	MVVNSHNFAKIKLFLKQLNILDILLIKCVCCVEYIFSRINHAYYSKAQESNQG	NC_013108.f1.UFO
NC_002021	Influenza A virus (A/Puerto Rico/8/1934(H1N1)) segment 2, complete sequence.	78	MRKQANHLNGCQSDLTFLKSASTKCYKHNFPLYRRPSLQPWDRNRIHHGYCQQDTSVLRKGKMDNKHRNWSTATQPD	NC_002021.f2.UFO
NC_002022	Influenza A virus (A/Puerto Rico/8/1934(H1N1)) segment 3, complete sequence.	64	MRKQVLIQNGRFCATMLQSDDCRACGKNNERVWGGPENRNKQICSNMHSLGSMLHVFRFPLHQ	NC_002022.f2.UFO
NC_002023	Influenza A virus (A/Puerto Rico/8/1934(H1N1)) segment 1, complete sequence.	55	MRKQVNYIQYGKNKRTKKSNVAVSHPRDTHKNHRGPYGHNQEVHIRKTGEEPST	NC_002023.f2.UFO
NC_006309	Influenza C virus (C/Ann Arbor/1/50) P3 gene for polymerase 3, complete cds.	57	MQKQGIRNVKNFCRNSRGFSRARSCKNSQRSSRRIWGSRKKNNTNWNTLSSLLHVL	NC_006309.f2.UFO
NC_004294	Lymphocytic choriomeningitis virus segment S, complete sequence.	32	MRTGDPRLFGLRFPLDQLGVRPYPTEGWVRL	NC_004294.32.UFO
NC_004296	Lassa virus segment S, complete sequence.	77	MRTVDPRLLDCALLLSFWQIVSVLCCVHTTQQSGDECLKGNKILFVDTIFEEGIIWLLLQHQTTGGERCPGSFTWT	NC_004296.77.UFO
NC_004297	Lassa virus segment L, complete sequence.	42	MRTGDPRQFGCLFLRPCALYFSKWETSKPKPQNQKTVREPA	NC_004297.42.UFO
NC_004292	Tacaribe virus segment L, complete sequence.	74	MAPGILGVTCTLLYWAGLHKTFQAWATAIELRNPVRLLTTSRSHHKLQNLEERQSPVYMGGTIANVVGLLTKT	NC_004292.74.UFO
NC_004293	Tacaribe virus segment S, complete sequence.	49	MAFLVHICLTEPGESLPPWGNSLVSCRRYLFSCKKHSTLHWWQSASSV	NC_004293.49.UFO
FBseg3	B/Wisconsin/1/2010 Segment 3	35	MAEAVRLICHNGYFYYKKLPDYNNTKGQKHNGRI	FBseg3.f1.UFO
FBseg6	B/Wisconsin/1/2010 Segment 6	117	MAEAEHLLKTEANRPKMNNATFNYTNVNLISHIRGSVIITICVSFIVILTIFGYIAKIFTNRNNCTNNAIGLCKRIKCSGCEPFCNKRGDTSSPRTGVDVPPFILPGLNLSESTPN	FBseg6.f1.UFO
